{
  "removed_missing_value_count": 41760,
  "scale_type": "mm_scaler",
  "data": [
    {
      "집계날": 0.11564367132001861,
      "콘존ID": 0.041864837015032824,
      "차로유형구분코드": 0.002140401494197785,
      "교통량": 0.4672700411892885,
      "콘존길이": 0.12459783248719215,
      "기점종점방향구분코드": 0.005726735981943386,
      "시작노드ID": 0.025381647872005406,
      "종료노드ID": 0.022726546883469218,
      "차로수": 0.05445220797820611,
      "노선번호": 0.03833589419849166,
      "제한속도": 0.02950056922364691,
      "노선구성순번": 0.028364920451586808,
      "콘존명": 0.014936998736780565,
      "버스전용차로유무": 0.015471670124450025,
      "도로등급구분코드": 0.013586025043689788
    }
  ]
}
